,0_name,0_link
0,Toddler Boys' 3pc Dressy Plaid Top &amp; Bottom Set with Bow Tie - Just One You® made by carter's Gray,/p/toddler-boys-3pc-dressy-plaid-top-bottom-set-with-bow-tie-just-one-you-made-by-carter-s-gray/-/A-81278860?preselect=80641905
1,Toddler Girls' Pineapple Tank Dress - Just One You® made by carter's Blue,/p/toddler-girls-pineapple-tank-dress-just-one-you-made-by-carter-s-blue/-/A-81292316?preselect=80948895
2,Toddler Girls' 2pc Lemon Short Sleeve Top and Bottom Set - Just One You® made by carter's Yellow,/p/toddler-girls-2pc-lemon-short-sleeve-top-and-bottom-set-just-one-you-made-by-carter-s-yellow/-/A-81292326?preselect=80948994
3,Toddler Girls' 2pc Floral Tank Top and Bottom Set - Just One You® made by carter's Navy,/p/toddler-girls-2pc-floral-tank-top-and-bottom-set-just-one-you-made-by-carter-s-navy/-/A-81292325?preselect=80949010
4,Toddler Girls' 2pc Butterfly Short Sleeve Top and Bottom Set - Just One You® made by carter's Teal,/p/toddler-girls-2pc-butterfly-short-sleeve-top-and-bottom-set-just-one-you-made-by-carter-s-teal/-/A-81292322?preselect=80949022
5,Toddler Girls' Floral Short Sleeve Dress - Just One You® made by carter's Green/Pink,/p/toddler-girls-floral-short-sleeve-dress-just-one-you-made-by-carter-s-green-pink/-/A-81292314?preselect=80948883
6,Toddler Girls' 2pc Lemon Tank Top and Bottom Set - Just One You® made by carter's Pink,/p/toddler-girls-2pc-lemon-tank-top-and-bottom-set-just-one-you-made-by-carter-s-pink/-/A-81292329?preselect=80949002
7,Toddler Girls' Floral Tank Dress - Just One You® made by carter's White,/p/toddler-girls-floral-tank-dress-just-one-you-made-by-carter-s-white/-/A-81031070?preselect=80830927
8,Toddler Girls' Striped Tank Dress - Just One You® made by carter's Blue,/p/toddler-girls-striped-tank-dress-just-one-you-made-by-carter-s-blue/-/A-81031100?preselect=80830931
9,Toddler Girls' 3pc Bird Floral Top and Bottom Set - Just One You® made by carter's Coral,/p/toddler-girls-3pc-bird-floral-top-and-bottom-set-just-one-you-made-by-carter-s-coral/-/A-81292331?preselect=81035664
10,Toddler Girls' 2pc Oranges Ruffle Tank Top and Bottom Set - Just One You® made by carter's Pink,/p/toddler-girls-2pc-oranges-ruffle-tank-top-and-bottom-set-just-one-you-made-by-carter-s-pink/-/A-81292327?preselect=80949018
11,Toddler Girls' Star Dress - Just One You® made by carter's Navy,/p/toddler-girls-star-dress-just-one-you-made-by-carter-s-navy/-/A-82022687?preselect=81624305
12,Toddler Boys' Cookout T-Shirt - Just One You® made by carter's Gray,/p/toddler-boys-cookout-t-shirt-just-one-you-made-by-carter-s-gray/-/A-82022674?preselect=81623528
13,Toddler Girls' Watermelon Dress - Just One You® made by carter's Red,/p/toddler-girls-watermelon-dress-just-one-you-made-by-carter-s-red/-/A-82022691?preselect=81623492
14,Toddler Girls' Sparkle T-Shirt - Just One You® made by carter's Red,/p/toddler-girls-sparkle-t-shirt-just-one-you-made-by-carter-s-red/-/A-82022690?preselect=81623478
15,Toddler Girls' 2pc Embroidered Tunic Short Sleeve Top and Bottom Set - Just One You® made by carter's Teal,/p/toddler-girls-2pc-embroidered-tunic-short-sleeve-top-and-bottom-set-just-one-you-made-by-carter-s-teal/-/A-81292328?preselect=80949006
16,Toddler Girls' 2pc Strawberry Striped Tunic Tank Top and Bottom Set - Just One You® made by carter's Red/Navy,/p/toddler-girls-2pc-strawberry-striped-tunic-tank-top-and-bottom-set-just-one-you-made-by-carter-s-red-navy/-/A-81292324?preselect=80948986
17,Toddler Girls' 2pc Floral Long Sleeve Rash Guard Set - Just One You® made by carter's Navy,/p/toddler-girls-2pc-floral-long-sleeve-rash-guard-set-just-one-you-made-by-carter-s-navy/-/A-81269228?preselect=80744509
18,Toddler Girls' Oranges Print Flutter Sleeve One Piece Swimsuit - Just One You® made by carter's Sage Green,/p/toddler-girls-oranges-print-flutter-sleeve-one-piece-swimsuit-just-one-you-made-by-carter-s-sage-green/-/A-81269287?preselect=80744613
19,Toddler Girls' 2pc Strawberry Long Sleeve Rash Guard Set - Just One You® made by carter's Red/Blue,/p/toddler-girls-2pc-strawberry-long-sleeve-rash-guard-set-just-one-you-made-by-carter-s-red-blue/-/A-81269285?preselect=80744601
20,Toddler Boys' 2pc Dino Long Sleeve Rash Guard Set - Just One You® made by carter's Navy,/p/toddler-boys-2pc-dino-long-sleeve-rash-guard-set-just-one-you-made-by-carter-s-navy/-/A-81269226?preselect=80744500
21,Toddler Girls' 3pc Gingham Pajama Set - Just One You® made by carter's,/p/toddler-girls-3pc-gingham-pajama-set-just-one-you-made-by-carter-s/-/A-81811752?preselect=81527804
22,Toddler Boys' 4pc Whale Dino Printed Pajama Set - Just One You® made by carter's,/p/toddler-boys-4pc-whale-dino-printed-pajama-set-just-one-you-made-by-carter-s/-/A-81811736?preselect=81527672
23,Toddler Boys' Shark Print Long Sleeve Rash Guard Set - Just One You® made by carter's Gray,/p/toddler-boys-shark-print-long-sleeve-rash-guard-set-just-one-you-made-by-carter-s-gray/-/A-81269231?preselect=80744521
24,Toddler Boys' 3pc Dressy Plaid Top &amp; Bottom Set with Bow Tie - Just One You® made by carter's Gray,/p/toddler-boys-3pc-dressy-plaid-top-bottom-set-with-bow-tie-just-one-you-made-by-carter-s-gray/-/A-81278860?preselect=80641905
25,Toddler Girls' Pineapple Tank Dress - Just One You® made by carter's Blue,/p/toddler-girls-pineapple-tank-dress-just-one-you-made-by-carter-s-blue/-/A-81292316?preselect=80948895
26,Toddler Girls' 2pc Lemon Short Sleeve Top and Bottom Set - Just One You® made by carter's Yellow,/p/toddler-girls-2pc-lemon-short-sleeve-top-and-bottom-set-just-one-you-made-by-carter-s-yellow/-/A-81292326?preselect=80948994
27,Toddler Girls' 2pc Floral Tank Top and Bottom Set - Just One You® made by carter's Navy,/p/toddler-girls-2pc-floral-tank-top-and-bottom-set-just-one-you-made-by-carter-s-navy/-/A-81292325?preselect=80949010
28,Toddler Girls' 2pc Butterfly Short Sleeve Top and Bottom Set - Just One You® made by carter's Teal,/p/toddler-girls-2pc-butterfly-short-sleeve-top-and-bottom-set-just-one-you-made-by-carter-s-teal/-/A-81292322?preselect=80949022
29,Toddler Girls' Floral Short Sleeve Dress - Just One You® made by carter's Green/Pink,/p/toddler-girls-floral-short-sleeve-dress-just-one-you-made-by-carter-s-green-pink/-/A-81292314?preselect=80948883
30,Toddler Girls' 2pc Lemon Tank Top and Bottom Set - Just One You® made by carter's Pink,/p/toddler-girls-2pc-lemon-tank-top-and-bottom-set-just-one-you-made-by-carter-s-pink/-/A-81292329?preselect=80949002
31,Toddler Girls' Floral Tank Dress - Just One You® made by carter's White,/p/toddler-girls-floral-tank-dress-just-one-you-made-by-carter-s-white/-/A-81031070?preselect=80830927
32,Toddler Girls' Striped Tank Dress - Just One You® made by carter's Blue,/p/toddler-girls-striped-tank-dress-just-one-you-made-by-carter-s-blue/-/A-81031100?preselect=80830931
33,Toddler Girls' 3pc Bird Floral Top and Bottom Set - Just One You® made by carter's Coral,/p/toddler-girls-3pc-bird-floral-top-and-bottom-set-just-one-you-made-by-carter-s-coral/-/A-81292331?preselect=81035664
34,Toddler Girls' 2pc Oranges Ruffle Tank Top and Bottom Set - Just One You® made by carter's Pink,/p/toddler-girls-2pc-oranges-ruffle-tank-top-and-bottom-set-just-one-you-made-by-carter-s-pink/-/A-81292327?preselect=80949018
35,Toddler Girls' Star Dress - Just One You® made by carter's Navy,/p/toddler-girls-star-dress-just-one-you-made-by-carter-s-navy/-/A-82022687?preselect=81624305
36,Toddler Boys' Cookout T-Shirt - Just One You® made by carter's Gray,/p/toddler-boys-cookout-t-shirt-just-one-you-made-by-carter-s-gray/-/A-82022674?preselect=81623528
37,Toddler Girls' Watermelon Dress - Just One You® made by carter's Red,/p/toddler-girls-watermelon-dress-just-one-you-made-by-carter-s-red/-/A-82022691?preselect=81623492
38,Toddler Girls' Sparkle T-Shirt - Just One You® made by carter's Red,/p/toddler-girls-sparkle-t-shirt-just-one-you-made-by-carter-s-red/-/A-82022690?preselect=81623478
39,Toddler Girls' 2pc Embroidered Tunic Short Sleeve Top and Bottom Set - Just One You® made by carter's Teal,/p/toddler-girls-2pc-embroidered-tunic-short-sleeve-top-and-bottom-set-just-one-you-made-by-carter-s-teal/-/A-81292328?preselect=80949006
40,Toddler Girls' 2pc Strawberry Striped Tunic Tank Top and Bottom Set - Just One You® made by carter's Red/Navy,/p/toddler-girls-2pc-strawberry-striped-tunic-tank-top-and-bottom-set-just-one-you-made-by-carter-s-red-navy/-/A-81292324?preselect=80948986
41,Toddler Girls' 2pc Floral Long Sleeve Rash Guard Set - Just One You® made by carter's Navy,/p/toddler-girls-2pc-floral-long-sleeve-rash-guard-set-just-one-you-made-by-carter-s-navy/-/A-81269228?preselect=80744509
42,Toddler Girls' Oranges Print Flutter Sleeve One Piece Swimsuit - Just One You® made by carter's Sage Green,/p/toddler-girls-oranges-print-flutter-sleeve-one-piece-swimsuit-just-one-you-made-by-carter-s-sage-green/-/A-81269287?preselect=80744613
43,Toddler Girls' 2pc Strawberry Long Sleeve Rash Guard Set - Just One You® made by carter's Red/Blue,/p/toddler-girls-2pc-strawberry-long-sleeve-rash-guard-set-just-one-you-made-by-carter-s-red-blue/-/A-81269285?preselect=80744601
44,Toddler Boys' 2pc Dino Long Sleeve Rash Guard Set - Just One You® made by carter's Navy,/p/toddler-boys-2pc-dino-long-sleeve-rash-guard-set-just-one-you-made-by-carter-s-navy/-/A-81269226?preselect=80744500
45,Toddler Girls' 3pc Gingham Pajama Set - Just One You® made by carter's,/p/toddler-girls-3pc-gingham-pajama-set-just-one-you-made-by-carter-s/-/A-81811752?preselect=81527804
46,Toddler Boys' 4pc Whale Dino Printed Pajama Set - Just One You® made by carter's,/p/toddler-boys-4pc-whale-dino-printed-pajama-set-just-one-you-made-by-carter-s/-/A-81811736?preselect=81527672
47,Toddler Boys' Shark Print Long Sleeve Rash Guard Set - Just One You® made by carter's Gray,/p/toddler-boys-shark-print-long-sleeve-rash-guard-set-just-one-you-made-by-carter-s-gray/-/A-81269231?preselect=80744521
48,Toddler Boys' 4pc Dino Pajama Set - Just One You® made by carter's Gray/Green/Navy,/p/toddler-boys-4pc-dino-pajama-set-just-one-you-made-by-carter-s-gray-green-navy/-/A-81617528?preselect=80785741
49,Toddler Girls' 3pc Ice Cream Pajama Set - Just One You® made by carter's ,/p/toddler-girls-3pc-ice-cream-pajama-set-just-one-you-made-by-carter-s/-/A-81811743?preselect=81527762
50,Toddler Girls' 4pc Strawberry Pajama Set - Just One You® made by carter's,/p/toddler-girls-4pc-strawberry-pajama-set-just-one-you-made-by-carter-s/-/A-81811737?preselect=81527679
51,Toddler Girls' Floral Print Long Sleeve One Piece Swimsuit - Just One You® made by carter's Pink,/p/toddler-girls-floral-print-long-sleeve-one-piece-swimsuit-just-one-you-made-by-carter-s-pink/-/A-81269274?preselect=80744559
52,Toddler Boys' Sailboat Long Sleeve Rash Guard Set - Just One You® made by carter's Red,/p/toddler-boys-sailboat-long-sleeve-rash-guard-set-just-one-you-made-by-carter-s-red/-/A-81269271?preselect=80744547
53,Toddler Girls' 4pc Striped Sunshine Pajama Set - Just One You® made by carter's,/p/toddler-girls-4pc-striped-sunshine-pajama-set-just-one-you-made-by-carter-s/-/A-81811729?preselect=81527651
54,Toddler Boys' 4pc Construction Pajama Set - Just One You® made by carter's,/p/toddler-boys-4pc-construction-pajama-set-just-one-you-made-by-carter-s/-/A-81811740?preselect=81527693
55,Toddler Boys' Whale Print Short Sleeve Rash Guard Set - Just One You® made by carter's Aqua,/p/toddler-boys-whale-print-short-sleeve-rash-guard-set-just-one-you-made-by-carter-s-aqua/-/A-81269286?preselect=80744607
56,Toddler Boys' 3pc Race Car Pajama Set - Just One You® made by carter's Green ,/p/toddler-boys-3pc-race-car-pajama-set-just-one-you-made-by-carter-s-green/-/A-81811747?preselect=81527774
57,Toddler Girls' Popsicle Ruffle Sleeve One Piece Swimsuit - Just One You® made by carter's Pink,/p/toddler-girls-popsicle-ruffle-sleeve-one-piece-swimsuit-just-one-you-made-by-carter-s-pink/-/A-81269290?preselect=80744627
58,Toddler Boys' 3pc Poly Shark Pajama Set - Just One You® made by carter's Blue ,/p/toddler-boys-3pc-poly-shark-pajama-set-just-one-you-made-by-carter-s-blue/-/A-81811753?preselect=81527810
59,Toddler Boys' 3pc Construction Pajama Set - Just One You® made by carter's ,/p/toddler-boys-3pc-construction-pajama-set-just-one-you-made-by-carter-s/-/A-81811748?preselect=81527780
60,Toddler Girls' 4pc Seashore Mermaid Pajama Set - Just One You® made by carter's ,/p/toddler-girls-4pc-seashore-mermaid-pajama-set-just-one-you-made-by-carter-s/-/A-81811739?preselect=81527686
61,Toddler Girls' 3pc Fairy Floral Pajama Set - Just One You® made by carter's,/p/toddler-girls-3pc-fairy-floral-pajama-set-just-one-you-made-by-carter-s/-/A-81811749?preselect=81527786
62,Toddler Girls' Flamingo Print Long Sleeve Rash Guard Set - Just One You® made by carter's Pink,/p/toddler-girls-flamingo-print-long-sleeve-rash-guard-set-just-one-you-made-by-carter-s-pink/-/A-81269288?preselect=80744619
63,Toddler Girls' Floral Ruffle One Piece Swimsuit - Just One You® made by carter's Yellow,/p/toddler-girls-floral-ruffle-one-piece-swimsuit-just-one-you-made-by-carter-s-yellow/-/A-81269275?preselect=80744565
64,Toddler Girls' 3pc Raspberry Pajama Set - Just One You® made by carter's ,/p/toddler-girls-3pc-raspberry-pajama-set-just-one-you-made-by-carter-s/-/A-81811751?preselect=81527798
65,Toddler Boys' 4pc Pirate Bear Pajama Set - Just One You® made by carter's,/p/toddler-boys-4pc-pirate-bear-pajama-set-just-one-you-made-by-carter-s/-/A-81811731?preselect=81527665
66,Toddler Boys' 4pc Safari Pajama Set - Just One You® made by carter's Gray/Yellow/Black,/p/toddler-boys-4pc-safari-pajama-set-just-one-you-made-by-carter-s-gray-yellow-black/-/A-81620749?preselect=80785783
67,Toddler Girls' Unicorn Long Sleeve Rash Guard Set - Just One You® made by carter's Pink,/p/toddler-girls-unicorn-long-sleeve-rash-guard-set-just-one-you-made-by-carter-s-pink/-/A-81269281?preselect=80744589
68,Toddler Girls' 4pc Panda Pajama Set - Just One You® made by carter's Purple,/p/toddler-girls-4pc-panda-pajama-set-just-one-you-made-by-carter-s-purple/-/A-81811730?preselect=81527658
69,Toddler Girls' 3pc Whale Pajama Set - Just One You® made by carter's,/p/toddler-girls-3pc-whale-pajama-set-just-one-you-made-by-carter-s/-/A-81811746?preselect=81527768
70,Toddler Boys' 2pc Alligator Short Sleeve Rash Guard Set - Just One You® made by carter's Green,/p/toddler-boys-2pc-alligator-short-sleeve-rash-guard-set-just-one-you-made-by-carter-s-green/-/A-81269260?preselect=80744530
71,Toddler Girls' Mermaid Short Sleeve Rash Guard Set - Just One You® made by carter's Green,/p/toddler-girls-mermaid-short-sleeve-rash-guard-set-just-one-you-made-by-carter-s-green/-/A-81269268?preselect=80744536
72,Toddler Boys' 3pc Poly Tiger Pajama Set - Just One You® made by carter's,/p/toddler-boys-3pc-poly-tiger-pajama-set-just-one-you-made-by-carter-s/-/A-81811754?preselect=81527816
73,Toddler Girls' 4pc Lemon/Owl Pajama Set - Just One You® made by carter's Yellow/Pink/Green,/p/toddler-girls-4pc-lemon-owl-pajama-set-just-one-you-made-by-carter-s-yellow-pink-green/-/A-81617512?preselect=80785720
74,Toddler Boys' 2pk Dino Footed Pajama - Just One You® made by carter's Green,/p/toddler-boys-2pk-dino-footed-pajama-just-one-you-made-by-carter-s-green/-/A-81811728?preselect=81527756
75,Toddler Boys' 3pc Dino Pajama Set - Just One You® made by carter's Olive ,/p/toddler-boys-3pc-dino-pajama-set-just-one-you-made-by-carter-s-olive/-/A-81811750?preselect=81527792
76,Toddler Girls' 4pc Princess/Dragon Pajama Set - Just One You® made by carter's White/Purple/Pink,/p/toddler-girls-4pc-princess-dragon-pajama-set-just-one-you-made-by-carter-s-white-purple-pink/-/A-81617510?preselect=80785713
77,Toddler Girls' 3pc Floral Pajama Set - Just One You® made by carter's White/Gold/Pink,/p/toddler-girls-3pc-floral-pajama-set-just-one-you-made-by-carter-s-white-gold-pink/-/A-81617465?preselect=80785607
78,Toddler Girls' Floral Tank Dress - Just One You® made by carter's Coral,/p/toddler-girls-floral-tank-dress-just-one-you-made-by-carter-s-coral/-/A-81292315?preselect=80948875
79,Toddler Boys' 'Ahoy Mate' Long Sleeve Rash Guard Set - Just One You® made by carter's Navy,/p/toddler-boys-ahoy-mate-long-sleeve-rash-guard-set-just-one-you-made-by-carter-s-navy/-/A-81269277?preselect=80744574
80,Toddler Boys' 2pk Tractor Footed Pajama - Just One You® made by carter's Yellow,/p/toddler-boys-2pk-tractor-footed-pajama-just-one-you-made-by-carter-s-yellow/-/A-81811722?preselect=81527728
81,Toddler Girls' Dot Tank Romper - Just One You® made by carter's Blue,/p/toddler-girls-dot-tank-romper-just-one-you-made-by-carter-s-blue/-/A-81292317?preselect=80948887
82,Toddler Girls' 2pk Flamingo/Sun Footed Pajama - Just One You® made by carter's Pink,/p/toddler-girls-2pk-flamingo-sun-footed-pajama-just-one-you-made-by-carter-s-pink/-/A-81811725?preselect=81527742
83,Toddler Girls' 2pc Tropical Floral Tank Top and Bottom Set - Just One You® made by carter's Pink,/p/toddler-girls-2pc-tropical-floral-tank-top-and-bottom-set-just-one-you-made-by-carter-s-pink/-/A-81292320?preselect=80948998
84,Toddler Boys' 2pk Rocket/Monster Footed Pajama - Just One You® made by carter's Blue,/p/toddler-boys-2pk-rocket-monster-footed-pajama-just-one-you-made-by-carter-s-blue/-/A-81811721?preselect=81527721
85,Toddler Boys' 2pc Shark Pocket Short Sleeve T-Shirt and Shorts Set - Just One You® made by carter's Green,/p/toddler-boys-2pc-shark-pocket-short-sleeve-t-shirt-and-shorts-set-just-one-you-made-by-carter-s-green/-/A-81409909?preselect=81217964
86,Toddler Boys' 3pc Dressy Plaid Top &amp; Bottom Set with Bow Tie - Just One You® made by carter's Orange/Gray,/p/toddler-boys-3pc-dressy-plaid-top-bottom-set-with-bow-tie-just-one-you-made-by-carter-s-orange-gray/-/A-81278861?preselect=80641909
87,Toddler Boys' 2pk Pirate/Whale Footed Pajama - Just One You® made by carter's Blue,/p/toddler-boys-2pk-pirate-whale-footed-pajama-just-one-you-made-by-carter-s-blue/-/A-81811723?preselect=81527735
88,Toddler Girls' 2pk Lady Bug/Floral Footed Pajama - Just One You® made by carter's Blue,/p/toddler-girls-2pk-lady-bug-floral-footed-pajama-just-one-you-made-by-carter-s-blue/-/A-81811718?preselect=81527707
89,Toddler Girls' 2pk Whale/Mermaid Footed Pajama - Just One You® made by carter's Pink,/p/toddler-girls-2pk-whale-mermaid-footed-pajama-just-one-you-made-by-carter-s-pink/-/A-81811727?preselect=81527749
90,Toddler Boys' 2pc Plaid Woven Short Sleeve Shirt and Shorts Set - Just One You® made by carter's Blue,/p/toddler-boys-2pc-plaid-woven-short-sleeve-shirt-and-shorts-set-just-one-you-made-by-carter-s-blue/-/A-81409906?preselect=81217956
91,Toddler Girls' 2pk Sheep/Dino Footed Pajama - Just One You® made by carter's Green,/p/toddler-girls-2pk-sheep-dino-footed-pajama-just-one-you-made-by-carter-s-green/-/A-81811720?preselect=81527714
92,Toddler Girls' Deer Long Sleeve Dress - Just One You® made by carter's Heather Gray,/p/toddler-girls-deer-long-sleeve-dress-just-one-you-made-by-carter-s-heather-gray/-/A-80139821?preselect=80124678
93,Toddler Boys' 2pc Alligator Short Sleeve T-Shirt and Shorts Set - Just One You® made by carter's Blue/Gray,/p/toddler-boys-2pc-alligator-short-sleeve-t-shirt-and-shorts-set-just-one-you-made-by-carter-s-blue-gray/-/A-81409901?preselect=81217940
94,Toddler Boys' 2pc Dino Print Woven Chambray Short Sleeve Shirt and Shorts Set - Just One You® made by carter's Denim Blue/Olive Green,/p/toddler-boys-2pc-dino-print-woven-chambray-short-sleeve-shirt-and-shorts-set-just-one-you-made-by-carter-s-denim-blue-olive-green/-/A-81409908?preselect=81217960
95,Toddler Boys' 4pc Dino Pajama Set - Just One You® made by carter's Gray/Green/Navy ,/p/toddler-boys-4pc-dino-pajama-set-just-one-you-made-by-carter-s-gray-green-navy/-/A-81617523?preselect=80785734
96,Toddler Girls' 4pc Dino Pajama Set - Just One You® made by carter's Pink 5T,/p/toddler-girls-39-4pc-dino-pajama-set-just-one-you-174-made-by-carter-39-s-pink-5t/-/A-79642322
97,Toddler Girls' 2pc Bunny Short Sleeve Top and Bottom Set - Just One You® made by carter's Light Pink,/p/toddler-girls-2pc-bunny-short-sleeve-top-and-bottom-set-just-one-you-made-by-carter-s-light-pink/-/A-81292323?preselect=80949014
98,Toddler Boys' 2pc Dino Top and Bottom Set - Just One You® made by carter's Gray/Navy,/p/toddler-boys-2pc-dino-top-and-bottom-set-just-one-you-made-by-carter-s-gray-navy/-/A-78103238?preselect=77598469
99,Toddler Girls' Flamingo Ruffle Tank Dress - Just One You® made by carter's Pink,/p/toddler-girls-flamingo-ruffle-tank-dress-just-one-you-made-by-carter-s-pink/-/A-81292318?preselect=80948891
100,Toddler Boys' 2pc Button-Front Plaid Top and Bottom Set - Just One You® made by carter's White/Green 5T,/p/toddler-boys-39-2pc-button-front-plaid-top-and-bottom-set-just-one-you-174-made-by-carter-39-s-white-green-5t/-/A-77598453
101,Toddler Girls' Floral Tank Romper - Just One You® made by carter's Pink,/p/toddler-girls-floral-tank-romper-just-one-you-made-by-carter-s-pink/-/A-81292319?preselect=80948879
102,Toddler Boys' 2pc Whales Short Sleeve T-Shirt and Shorts Set - Just One You® made by carter's Blue/Gray,/p/toddler-boys-2pc-whales-short-sleeve-t-shirt-and-shorts-set-just-one-you-made-by-carter-s-blue-gray/-/A-81409904?preselect=81217948
103,Toddler Boys' 2pc Koala Striped Henley Short Sleeve T-Shirt and Shorts Set - Just One You® made by carter's Cream,/p/toddler-boys-2pc-koala-striped-henley-short-sleeve-t-shirt-and-shorts-set-just-one-you-made-by-carter-s-cream/-/A-81409905?preselect=81217952
104,Toddler Girls' 2pc Elephant Floral Tank Top and Bottom Set - Just One You® made by carter's Purple,/p/toddler-girls-2pc-elephant-floral-tank-top-and-bottom-set-just-one-you-made-by-carter-s-purple/-/A-81292330?preselect=81035669
105,Toddler Boys' 3pc Dressy Plaid Top and Bottom Set - Just One You® made by carter's Maroon,/p/toddler-boys-3pc-dressy-plaid-top-and-bottom-set-just-one-you-made-by-carter-s-maroon/-/A-79530623?preselect=79466830
106,Toddler Girls' 2pc Top and Pear Skirtall Set - Just One You® made by carter's White,/p/toddler-girls-2pc-top-and-pear-skirtall-set-just-one-you-made-by-carter-s-white/-/A-78084137?preselect=77521300
107,Toddler Girls' 3pc Owl Zip-Up Top and Leggings Set - Just One You® made by carter's Pink,/p/toddler-girls-3pc-owl-zip-up-top-and-leggings-set-just-one-you-made-by-carter-s-pink/-/A-80139822?preselect=80124665
108,Toddler Boys' 2pc Tiger Graphic Top &amp; Bottom Set - Just One You® made by carter's Orange,/p/toddler-boys-2pc-tiger-graphic-top-bottom-set-just-one-you-made-by-carter-s-orange/-/A-78781851?preselect=78626656
109,Toddler Girls' 3pc Butterfly Top and Bottom Set - Just One You® made by carter's Gold,/p/toddler-girls-3pc-butterfly-top-and-bottom-set-just-one-you-made-by-carter-s-gold/-/A-81292332?preselect=81035673
110,Toddler Boys' 2pc Plaid Top &amp; Bottom Set - Just One You® made by carter's Blue,/p/toddler-boys-2pc-plaid-top-bottom-set-just-one-you-made-by-carter-s-blue/-/A-78781899?preselect=78626680
111,Toddler Girls' 4pc Lemon/Owl Pajama Set - Just One You® made by carter's Pink/Yellow/Green ,/p/toddler-girls-4pc-lemon-owl-pajama-set-just-one-you-made-by-carter-s-pink-yellow-green/-/A-81620748?preselect=80785776
112,Toddler Boys' 3pc Fall Dressy Plaid Top and Bottom Set - Just One You® made by carter's Green,/p/toddler-boys-3pc-fall-dressy-plaid-top-and-bottom-set-just-one-you-made-by-carter-s-green/-/A-79530647?preselect=79466858
113,Toddler Boys' 2pc Striped Top &amp; Bottom Set - Just One You® made by carter's Blue,/p/toddler-boys-2pc-striped-top-bottom-set-just-one-you-made-by-carter-s-blue/-/A-78781815?preselect=78626640
114,Toddler Girls' Snowflake Top and Bottom Set - Just One You® made by carter's Green,/p/toddler-girls-snowflake-top-and-bottom-set-just-one-you-made-by-carter-s-green/-/A-80935550?preselect=79645225
115,Toddler Boys' 2pc Rhino Short Sleeve T-Shirt and Shorts Set - Just One You® made by carter's Gray,/p/toddler-boys-2pc-rhino-short-sleeve-t-shirt-and-shorts-set-just-one-you-made-by-carter-s-gray/-/A-81409903?preselect=81217944
116,Toddler Girls' 2pc Floral Tank Top and Bottom Set - Just One You® made by carter's Coral,/p/toddler-girls-2pc-floral-tank-top-and-bottom-set-just-one-you-made-by-carter-s-coral/-/A-81292321?preselect=80948990
